{"32": {"track": "Charade Circuit", "weather": 19.065470383275258, "distance": 600}, "40": {"track": "Aut\u00f3dromo do Estoril", "weather": 18.203035714285715, "distance": 600}, "42": {"track": "Sepang International Circuit", "weather": 25.673750000000002, "distance": 7200}, "41": {"track": "Ain Diab", "weather": 20.04039285714286, "distance": 300}, "34": {"track": "Autodromo Enzo e Dino Ferrari", "weather": 23.41439024390244, "distance": 0}, "35": {"track": "Shanghai International Circuit", "weather": 25.80655052264808, "distance": 5500}, "29": {"track": "Nivelles-Baulers", "weather": 18.818188153310107, "distance": 100}, "36": {"track": "Las Vegas Strip Street Circuit", "weather": 24.9588850174216, "distance": 6500}, "38": {"track": "Fair Park", "weather": 23.291184668989548, "distance": 100}, "37": {"track": "Circuit of the Americas", "weather": 25.2404181184669, "distance": 1000}, "43": {"track": "Marina Bay Street Circuit", "weather": 26.798714285714286, "distance": 100}, "30": {"track": "N\u00fcrburgring", "weather": 20.018397212543555, "distance": 100}, "26": {"track": "Circuit Mont-Tremblant", "weather": 19.09362369337979, "distance": 700}, "39": {"track": "Montju\u00efc", "weather": 19.392500000000002, "distance": 5100}, "44": {"track": "Aut\u00f3dromo Internacional Nelson Piquet", "weather": 24.002928571428573, "distance": 9700}, "28": {"track": "Rouen-Les-Essarts", "weather": 19.494076655052265, "distance": 3600}, "31": {"track": "AVUS", "weather": 19.727212543554007, "distance": 300}, "27": {"track": "Mosport International Raceway", "weather": 21.283379790940767, "distance": 200}, "25": {"track": "Indianapolis Motor Speedway", "weather": 23.38850174216028}, "33": {"track": "Autodromo Internazionale del Mugello", "weather": 22.76101045296167, "distance": 400}, "1": {}, "2": {}, "3": {}, "4": {}, "5": {}, "6": {}, "7": {}, "8": {}, "9": {}, "10": {}, "11": {}, "12": {}, "13": {}, "14": {}, "15": {}, "16": {}, "17": {}, "18": {}, "19": {}, "20": {}, "21": {}, "22": {}, "23": {}, "24": {}, "45": {}, "46": {}, "47": {}, "48": {}, "49": {}, "50": {}, "51": {}, "52": {}, "Score": 7114.0}