{"32": {"track": "Charade Circuit", "weather": 19.065470383275258, "distance": 400}, "34": {"track": "Sepang International Circuit", "weather": 25.845749128919863, "distance": 7200}, "33": {"track": "Ain Diab", "weather": 23.50149825783972, "distance": 1000}, "35": {"track": "Las Vegas Strip Street Circuit", "weather": 26.80668989547038, "distance": 8800}, "23": {"track": "Fair Park", "weather": 27.198466898954702}, "24": {"track": "Circuit of the Americas", "weather": 27.907839721254355, "distance": 100}, "30": {"track": "N\u00fcrburgring", "weather": 20.018397212543555, "distance": 600}, "29": {"track": "Montju\u00efc", "weather": 24.003310104529618, "distance": 500}, "25": {"track": "Aut\u00f3dromo Internacional Nelson Piquet", "weather": 21.199895470383275, "distance": 5100}, "28": {"track": "Rouen-Les-Essarts", "weather": 19.494076655052265, "distance": 3600}, "27": {"track": "Mosport International Raceway", "weather": 21.283379790940767, "distance": 400}, "26": {"track": "Indianapolis Motor Speedway", "weather": 24.263693379790936, "distance": 5100}, "31": {"track": "Autodromo Internazionale del Mugello", "weather": 23.23135888501742, "distance": 400}, "1": {}, "2": {}, "3": {}, "4": {}, "5": {}, "6": {}, "7": {}, "8": {}, "9": {}, "10": {}, "11": {}, "12": {}, "13": {}, "14": {}, "15": {}, "16": {}, "17": {}, "18": {}, "19": {}, "20": {}, "21": {}, "22": {}, "36": {}, "37": {}, "38": {}, "39": {}, "40": {}, "41": {}, "42": {}, "43": {}, "44": {}, "45": {}, "46": {}, "47": {}, "48": {}, "49": {}, "50": {}, "51": {}, "52": {}, "Score": 4915.0}