{"26": {"track": "Sepang International Circuit", "weather": 26.091114982578397, "distance": 2340.600691598487}, "35": {"track": "Valencia Street Circuit", "weather": 24.024146341463418, "distance": 575.7900365363621}, "30": {"track": "Autodromo Nazionale di Monza", "weather": 25.645121951219515, "distance": 462.7771643941511}, "27": {"track": "Suzuka Circuit", "weather": 25.161114982578397, "distance": 3140.843835840735}, "33": {"track": "Circuito de Jerez", "weather": 25.312543554006968, "distance": 1044.4261815760144}, "34": {"track": "Ain Diab", "weather": 23.188188153310104, "distance": 235.17627543702397}, "31": {"track": "Autodromo Enzo e Dino Ferrari", "weather": 25.350871080139374, "distance": 148.17967046823003}, "25": {"track": "Shanghai International Circuit", "weather": 25.98658536585366, "distance": 2357.8422056919308}, "23": {"track": "Las Vegas Strip Street Circuit", "weather": 26.849303135888505, "distance": 0.11758310139999303}, "36": {"track": "Fair Park", "weather": 25.947839721254354, "distance": 5141.708741261608}, "37": {"track": "Circuit of the Americas", "weather": 25.2404181184669, "distance": 189.50621680716773}, "24": {"track": "Marina Bay Street Circuit", "weather": 27.869616724738673, "distance": 8843.08301439333}, "29": {"track": "Montju\u00efc", "weather": 24.003310104529618, "distance": 4429.325674502537}, "22": {"track": "Las Vegas Street Circuit", "weather": 25.768466898954703}, "28": {"track": "Indianapolis Motor Speedway", "weather": 24.765609756097565, "distance": 6618.19750213455}, "32": {"track": "Autodromo Internazionale del Mugello", "weather": 23.03857142857143, "distance": 29.42126598059719}, "1": {}, "2": {}, "3": {}, "4": {}, "5": {}, "6": {}, "7": {}, "8": {}, "9": {}, "10": {}, "11": {}, "12": {}, "13": {}, "14": {}, "15": {}, "16": {}, "17": {}, "18": {}, "19": {}, "20": {}, "21": {}, "38": {}, "39": {}, "40": {}, "41": {}, "42": {}, "43": {}, "44": {}, "45": {}, "46": {}, "47": {}, "48": {}, "49": {}, "50": {}, "51": {}, "52": {}, "Score": 6807.0}