{"32": {"track": "Charade Circuit", "weather": 19.065470383275258, "distance": 0}, "36": {"track": "Aut\u00f3dromo do Estoril", "weather": 20.745261324041813, "distance": 0}, "37": {"track": "Sepang International Circuit", "weather": 25.776655052264804, "distance": 7200}, "35": {"track": "Monsanto Park Circuit", "weather": 21.036132404181185, "distance": 300}, "33": {"track": "Circuito de Jerez", "weather": 25.312543554006968, "distance": 700}, "27": {"track": "Korean International Circuit", "weather": 24.20595818815331, "distance": 5200}, "34": {"track": "Ain Diab", "weather": 23.188188153310104, "distance": 200}, "26": {"track": "Hungaroring", "weather": 21.393240418118467, "distance": 600}, "28": {"track": "Circuit Paul Ricard", "weather": 19.494076655052265, "distance": 5800}, "18": {"track": "Bahrain International Circuit", "weather": 27.915017421602787}, "25": {"track": "Circuit de Spa-Francorchamps", "weather": 17.32020905923345, "distance": 200}, "21": {"track": "Fair Park", "weather": 25.414599303135883, "distance": 100}, "20": {"track": "Circuit of the Americas", "weather": 25.38651567944251, "distance": 9800}, "19": {"track": "Marina Bay Street Circuit", "weather": 27.8095818815331, "distance": 3900}, "31": {"track": "Circuit de Nevers Magny-Cours", "weather": 19.466341463414633, "distance": 200}, "30": {"track": "N\u00fcrburgring", "weather": 20.018397212543555, "distance": 600}, "29": {"track": "Montju\u00efc", "weather": 24.003310104529618, "distance": 200}, "22": {"track": "Las Vegas Street Circuit", "weather": 25.768466898954703, "distance": 1000}, "24": {"track": "Rouen-Les-Essarts", "weather": 17.462439024390243, "distance": 4100}, "23": {"track": "Indianapolis Motor Speedway", "weather": 22.677142857142858, "distance": 1500}, "1": {}, "2": {}, "3": {}, "4": {}, "5": {}, "6": {}, "7": {}, "8": {}, "9": {}, "10": {}, "11": {}, "12": {}, "13": {}, "14": {}, "15": {}, "16": {}, "17": {}, "38": {}, "39": {}, "40": {}, "41": {}, "42": {}, "43": {}, "44": {}, "45": {}, "46": {}, "47": {}, "48": {}, "49": {}, "50": {}, "51": {}, "52": {}, "Score": 8714.0}