{"27": {"track": "Charade Circuit", "weather": 18.84390243902439, "distance": 700}, "38": {"track": "Aut\u00f3dromo do Estoril", "weather": 19.640871080139373, "distance": 300}, "40": {"track": "Sepang International Circuit", "weather": 25.771392857142853, "distance": 5200}, "24": {"track": "Aintree", "weather": 14.45466898954704, "distance": 3800}, "29": {"track": "Circuit de Barcelona-Catalunya", "weather": 24.003310104529618, "distance": 200}, "41": {"track": "Yas Marina Circuit", "weather": 29.694500000000005, "distance": 3400}, "36": {"track": "Monsanto Park Circuit", "weather": 20.745261324041813, "distance": 100}, "26": {"track": "Circuito de Jerez", "weather": 25.051045296167246, "distance": 800}, "33": {"track": "Korean International Circuit", "weather": 24.484076655052267, "distance": 5500}, "35": {"track": "Circuito da Boavista", "weather": 21.036132404181185, "distance": 3000}, "37": {"track": "Ain Diab", "weather": 22.153623693379792, "distance": 300}, "30": {"track": "Hungaroring", "weather": 22.388745644599304, "distance": 900}, "28": {"track": "Circuit Paul Ricard", "weather": 19.494076655052265, "distance": 200}, "18": {"track": "Bahrain International Circuit", "weather": 27.915017421602787}, "32": {"track": "Circuit de Spa-Francorchamps", "weather": 18.013519163763068, "distance": 100}, "39": {"track": "Kyalami", "weather": 18.34349912891986, "distance": 5000}, "34": {"track": "Baku City Circuit", "weather": 25.020418118466896, "distance": 4000}, "21": {"track": "Fair Park", "weather": 25.414599303135883, "distance": 100}, "20": {"track": "Circuit of the Americas", "weather": 25.38651567944251, "distance": 9800}, "19": {"track": "Marina Bay Street Circuit", "weather": 27.8095818815331, "distance": 3900}, "25": {"track": "Circuit de Nevers Magny-Cours", "weather": 18.39456445993031, "distance": 500}, "31": {"track": "Circuit Park Zandvoort", "weather": 18.0404181184669, "distance": 700}, "22": {"track": "Las Vegas Street Circuit", "weather": 25.768466898954703, "distance": 1000}, "23": {"track": "Indianapolis Motor Speedway", "weather": 22.677142857142858, "distance": 1500}, "1": {}, "2": {}, "3": {}, "4": {}, "5": {}, "6": {}, "7": {}, "8": {}, "9": {}, "10": {}, "11": {}, "12": {}, "13": {}, "14": {}, "15": {}, "16": {}, "17": {}, "42": {}, "43": {}, "44": {}, "45": {}, "46": {}, "47": {}, "48": {}, "49": {}, "50": {}, "51": {}, "52": {}, "Score": 10478.0}