{"12": {"track": "Sepang International Circuit", "weather": 26.229094076655056, "distance": 7225.815129239801}, "16": {"track": "Valencia Street Circuit", "weather": 24.140069686411152, "distance": 3058.5281301463615}, "11": {"track": "Ain Diab", "weather": 16.050313588850177, "distance": 4545.069936218733}, "15": {"track": "Bahrain International Circuit", "weather": 24.59484320557491, "distance": 69.67304560271566}, "19": {"track": "Fair Park", "weather": 23.1598606271777, "distance": 189.50621680716773}, "18": {"track": "Circuit of the Americas", "weather": 23.437839721254356, "distance": 927.2164604932664}, "13": {"track": "Marina Bay Street Circuit", "weather": 27.21271777003484, "distance": 178.30066795584298}, "14": {"track": "Losail International Circuit", "weather": 25.655226480836234, "distance": 3865.115072993509}, "10": {"track": "Aut\u00f3dromo Internacional Nelson Piquet", "weather": 26.014006968641116}, "17": {"track": "Indianapolis Motor Speedway", "weather": 15.11808362369338, "distance": 4385.1548702241}, "1": {}, "2": {}, "3": {}, "4": {}, "5": {}, "6": {}, "7": {}, "8": {}, "9": {}, "20": {}, "21": {}, "22": {}, "23": {}, "24": {}, "25": {}, "26": {}, "27": {}, "28": {}, "29": {}, "30": {}, "31": {}, "32": {}, "33": {}, "34": {}, "35": {}, "36": {}, "37": {}, "38": {}, "39": {}, "40": {}, "41": {}, "42": {}, "43": {}, "44": {}, "45": {}, "46": {}, "47": {}, "48": {}, "49": {}, "50": {}, "51": {}, "52": {}, "Score": 4342.0}