{"15": {"track": "Sepang International Circuit", "weather": 26.40512195121951, "distance": 3600}, "18": {"track": "Phoenix street circuit", "weather": 26.081184668989547, "distance": 5700}, "17": {"track": "Valencia Street Circuit", "weather": 24.15700348432056, "distance": 3000}, "30": {"track": "Autodromo Nazionale di Monza", "weather": 25.645121951219515, "distance": 400}, "35": {"track": "Suzuka Circuit", "weather": 25.48087108013937, "distance": 4500}, "33": {"track": "Circuito de Jerez", "weather": 25.312543554006968, "distance": 1000}, "28": {"track": "Ain Diab", "weather": 23.486306620209056, "distance": 3700}, "31": {"track": "Autodromo Enzo e Dino Ferrari", "weather": 25.350871080139374, "distance": 100}, "25": {"track": "Shanghai International Circuit", "weather": 25.98658536585366, "distance": 2300}, "16": {"track": "Bahrain International Circuit", "weather": 25.627665505226478, "distance": 3700}, "22": {"track": "Las Vegas Strip Street Circuit", "weather": 25.768466898954703, "distance": 1000}, "34": {"track": "Baku City Circuit", "weather": 25.020418118466896, "distance": 2900}, "21": {"track": "Fair Park", "weather": 25.414599303135883, "distance": 100}, "20": {"track": "Circuit of the Americas", "weather": 25.38651567944251, "distance": 1000}, "24": {"track": "Marina Bay Street Circuit", "weather": 27.869616724738673, "distance": 8800}, "19": {"track": "Sebring International Raceway", "weather": 25.641602787456446, "distance": 1800}, "14": {"track": "Losail International Circuit", "weather": 25.655226480836234, "distance": 7100}, "29": {"track": "Montju\u00efc", "weather": 24.003310104529618, "distance": 700}, "23": {"track": "Las Vegas Street Circuit", "weather": 26.849303135888505, "distance": 0}, "13": {"track": "Aut\u00f3dromo Internacional Nelson Piquet", "weather": 25.015783972125433}, "27": {"track": "Mosport International Raceway", "weather": 21.283379790940767, "distance": 400}, "26": {"track": "Indianapolis Motor Speedway", "weather": 24.263693379790936, "distance": 7200}, "32": {"track": "Autodromo Internazionale del Mugello", "weather": 23.03857142857143, "distance": 0}, "1": {}, "2": {}, "3": {}, "4": {}, "5": {}, "6": {}, "7": {}, "8": {}, "9": {}, "10": {}, "11": {}, "12": {}, "36": {}, "37": {}, "38": {}, "39": {}, "40": {}, "41": {}, "42": {}, "43": {}, "44": {}, "45": {}, "46": {}, "47": {}, "48": {}, "49": {}, "50": {}, "51": {}, "52": {}, "Score": 9366.0}