{"31": {"track": "Charade Circuit", "weather": 19.466341463414633, "distance": 700}, "35": {"track": "Aut\u00f3dromo do Estoril", "weather": 21.036132404181185, "distance": 300}, "38": {"track": "Sepang International Circuit", "weather": 25.76195121951219, "distance": 9800}, "27": {"track": "Korean International Circuit", "weather": 24.20595818815331, "distance": 6800}, "34": {"track": "Ain Diab", "weather": 23.188188153310104, "distance": 700}, "30": {"track": "Hungaroring", "weather": 22.388745644599304, "distance": 700}, "32": {"track": "Circuit Paul Ricard", "weather": 19.065470383275258, "distance": 200}, "39": {"track": "Bahrain International Circuit", "weather": 30.84267508710801, "distance": 3700}, "28": {"track": "Circuit de Spa-Francorchamps", "weather": 18.244808362369337, "distance": 5500}, "36": {"track": "Fair Park", "weather": 25.947839721254354, "distance": 4700}, "37": {"track": "Circuit of the Americas", "weather": 25.2404181184669, "distance": 100}, "25": {"track": "Marina Bay Street Circuit", "weather": 27.671846689895467}, "29": {"track": "Circuit de Nevers Magny-Cours", "weather": 19.913902439024387, "distance": 200}, "33": {"track": "Montju\u00efc", "weather": 23.84644599303136, "distance": 200}, "26": {"track": "Indianapolis Motor Speedway", "weather": 24.263693379790936, "distance": 9500}, "1": {}, "2": {}, "3": {}, "4": {}, "5": {}, "6": {}, "7": {}, "8": {}, "9": {}, "10": {}, "11": {}, "12": {}, "13": {}, "14": {}, "15": {}, "16": {}, "17": {}, "18": {}, "19": {}, "20": {}, "21": {}, "22": {}, "23": {}, "24": {}, "40": {}, "41": {}, "42": {}, "43": {}, "44": {}, "45": {}, "46": {}, "47": {}, "48": {}, "49": {}, "50": {}, "51": {}, "52": {}, "Score": 6585.0}