{"17": {"track": "Charade Circuit", "weather": 12.067142857142857, "distance": 1000}, "14": {"track": "Sepang International Circuit", "weather": 26.281637630662026}, "16": {"track": "Ain Diab", "weather": 17.15313588850174, "distance": 4500}, "25": {"track": "Nivelles-Baulers", "weather": 17.32020905923345, "distance": 4200}, "21": {"track": "Las Vegas Strip Street Circuit", "weather": 24.80536585365854, "distance": 1000}, "19": {"track": "Fair Park", "weather": 23.1598606271777, "distance": 4800}, "20": {"track": "Circuit of the Americas", "weather": 25.38651567944251, "distance": 100}, "22": {"track": "N\u00fcrburgring", "weather": 17.111254355400696, "distance": 5500}, "23": {"track": "Montju\u00efc", "weather": 20.22191637630662, "distance": 600}, "15": {"track": "Aut\u00f3dromo Internacional Nelson Piquet", "weather": 24.406062717770034, "distance": 9700}, "18": {"track": "Rouen-Les-Essarts", "weather": 13.279581881533101, "distance": 200}, "27": {"track": "Mosport International Raceway", "weather": 21.283379790940767, "distance": 4200}, "24": {"track": "Indianapolis Motor Speedway", "weather": 23.360104529616727, "distance": 4400}, "26": {"track": "Autodromo Internazionale del Mugello", "weather": 22.63282229965157, "distance": 500}, "1": {}, "2": {}, "3": {}, "4": {}, "5": {}, "6": {}, "7": {}, "8": {}, "9": {}, "10": {}, "11": {}, "12": {}, "13": {}, "28": {}, "29": {}, "30": {}, "31": {}, "32": {}, "33": {}, "34": {}, "35": {}, "36": {}, "37": {}, "38": {}, "39": {}, "40": {}, "41": {}, "42": {}, "43": {}, "44": {}, "45": {}, "46": {}, "47": {}, "48": {}, "49": {}, "50": {}, "51": {}, "52": {}, "Score": 5130.0}