{"4": {"track": "Albert Park Grand Prix Circuit", "weather": 18.20560975609756, "distance": 3700}, "6": {"track": "Sepang International Circuit", "weather": 25.456341463414635, "distance": 3700}, "7": {"track": "Bahrain International Circuit", "weather": 17.888780487804876, "distance": 1500}, "13": {"track": "Circuit de Barcelona-Catalunya", "weather": 8.94439024390244, "distance": 300}, "8": {"track": "Istanbul Park", "weather": 6.182682926829268, "distance": 600}, "11": {"track": "Circuit de Monaco", "weather": 3.516341463414634, "distance": 400}, "18": {"track": "Circuit Gilles Villeneuve", "weather": -8.414146341463415}, "14": {"track": "Circuit de Nevers Magny-Cours", "weather": 3.5385365853658532, "distance": 300}, "17": {"track": "Silverstone Circuit", "weather": 4.3290243902439025, "distance": 3200}, "15": {"track": "Hockenheimring", "weather": 1.1612195121951219, "distance": 100}, "9": {"track": "Hungaroring", "weather": -0.575609756097561, "distance": 400}, "12": {"track": "Valencia Street Circuit", "weather": 21.77780487804878, "distance": 100}, "16": {"track": "Circuit de Spa-Francorchamps", "weather": 3.311219512195122, "distance": 300}, "10": {"track": "Autodromo Nazionale di Monza", "weather": 7.734390243902439, "distance": 100}, "5": {"track": "Marina Bay Street Circuit", "weather": 26.067560975609755, "distance": 100}, "1": {}, "2": {}, "3": {}, "19": {}, "20": {}, "21": {}, "22": {}, "23": {}, "24": {}, "25": {}, "26": {}, "27": {}, "28": {}, "29": {}, "30": {}, "31": {}, "32": {}, "33": {}, "34": {}, "35": {}, "36": {}, "37": {}, "38": {}, "39": {}, "40": {}, "41": {}, "42": {}, "43": {}, "44": {}, "45": {}, "46": {}, "47": {}, "48": {}, "49": {}, "50": {}, "51": {}, "52": {}, "Score": 9903.0}