{"20": {"track": "Albert Park Grand Prix Circuit", "weather": 18.59658536585366, "distance": 9000}, "24": {"track": "Sepang International Circuit", "weather": 25.526585365853656}, "19": {"track": "Bahrain International Circuit", "weather": 16.82536585365854, "distance": 7500}, "22": {"track": "Circuit de Barcelona-Catalunya", "weather": 9.910975609756099, "distance": 4600}, "21": {"track": "Istanbul Park", "weather": 6.162926829268293, "distance": 1400}, "18": {"track": "Circuit de Monaco", "weather": 4.140487804878049, "distance": 2600}, "17": {"track": "Circuit Gilles Villeneuve", "weather": -8.300975609756097, "distance": 3800}, "16": {"track": "Circuit de Nevers Magny-Cours", "weather": 3.6848780487804875, "distance": 3500}, "15": {"track": "Hockenheimring", "weather": 1.1612195121951219, "distance": 300}, "23": {"track": "Miami International Autodrome", "weather": 19.945121951219512, "distance": 10400}, "1": {}, "2": {}, "3": {}, "4": {}, "5": {}, "6": {}, "7": {}, "8": {}, "9": {}, "10": {}, "11": {}, "12": {}, "13": {}, "14": {}, "25": {}, "26": {}, "27": {}, "28": {}, "29": {}, "30": {}, "31": {}, "32": {}, "33": {}, "34": {}, "35": {}, "36": {}, "37": {}, "38": {}, "39": {}, "40": {}, "41": {}, "42": {}, "43": {}, "44": {}, "45": {}, "46": {}, "47": {}, "48": {}, "49": {}, "50": {}, "51": {}, "52": {}, "Score": 5860.0}